{
    "parserType": "xlsx",
    "sheets": [
        {
            "priority": 0,
            "skip": 1,
            "index": 2,
            "fields": [
                {
                    "target": "id",
                    "source": {
                        "index": 0                    
                    },
                    "validations": {
                        "mandatory": true
                    }
                },
                {
                    "target": "members",
                    "source": {
                        "index": 1                     
                    },
                    "validations": {
                        "mandatory": true
                    }
                }
               

            ]
        }
    ]
}
