{
    "parserType": "csv",
    "separator": ",",
    "sheets": [
      {
        "priority": 0,
        "skip": 1,
        "fields": [
          {
            "target": "manufacturer_name",
            "source": {
              "index": "0"
            },
            "validations": {
              "mandatory": true
            }
          },
          {
            "target": "model_name",
            "source": {
              "index": "1"
            },
            "validations": {
              "mandatory": true
            }
          },
          {
            "target": "transmission",
            "source": {
              "index": 3
            }
          },
          {
            "target": "color",
            "source": {
              "index": "4"
            }
          },
          {
            "target": "odometer_value",
            "source": {
              "index": "5"
            }
          },
          {
            "target": "year_produced",
            "source": {
              "index": "6"
            }
          },
          {
            "target": "engine_fuel",
            "source": {
              "index": "7"
            }
          },
          {
            "target": "engine_has_gas",
            "source": {
              "index": "8"
            }
          },
          {
            "target": "engine_type",
            "source": {
              "index": "9"
            }
          },
          {
            "target": "engine_capacity",
            "source": {
              "index": "10"
            }
          },
          {
            "target": "body_type",
            "source": {
              "index": "11"
            }
          },
          {
            "target": "has_warranty",
            "source": {
              "index": "12"
            }
          }
        ]
      }
    ]
  }