{
	"parserType": "xml",
	"separator": ",",
	"sheets": [
		{
			"priority": 0,
			"index": "offersdata.offer",
			"skip": 0,
			"fields": [
				{
					"target": "offerId",
					"source": {
						"index": "id"
					},
					"validations": {
						"mandatory": true
					},
					"processing": {
						"removeEmpty": true
					}
				},
				{
					"target": "sortOrder",
					"source": {
						"index": "sortOrder"
					},
					"validations": {
						"mandatory": true
					},
					"processing": {
						"removeEmpty": true
					}
				},
				{
					"type": "object",
					"target": "models",
					"fields": [
						{
							"target": "name",
							"source": {
								"index": "models.name"
							},
							"validations": {
								"mandatory": true
							},
							"processing": {
								"removeEmpty": true
							}
						},
						{
							"target": "code",
							"source": {
								"index": "models.code"
							},
							"validations": {
								"mandatory": true
							}
						}
					]
				},
				{
					"type": "object",
					"target": "version",
					"fields": [
						{
							"target": "code",
							"source": {
								"index": "version.code"
							},
							"validations": {
								"mandatory": true
							}
						}
					]
				},
				{
					"target": "offerType",
					"source": {
						"index": "offerType"
					},
					"validations": {
						"mandatory": true
					},
					"processing": {
						"removeEmpty": true
					}
				}
			]
		}
	]
}