{
    "parserType": "xlsx",
    "sheets": [
        {
            "priority": 0,
            "skip": 1,
            "index": 0,
            "fields": [
                {
                    "target": "id",
                    "source": {
                        "index": 0                    
                    },
                    "validations": {
                        "mandatory": true
                    }
                },
                {
                    "target": "firstName",
                    "source": {
                        "index": 1                     
                    },
                    "validations": {
                        "mandatory": true
                    }
                },
                {
                    "target": "lastName",
                    "source": {
                        "index": 2
                    },
                    "validations": {
                        "mandatory": true
                    }
                },
                {
                    "target": "gender",
                    "source": {
                        "index": 3
                    }
                },
                {
                    "target": "country",
                    "source": {
                        "index": 4
                    }
                },
                {
                    "target": "age",
                    "source": {
                        "index": 5
                    }
                }

            ]
        }
    ]
}
