{
    "parserType": "txt",
    "separator": "|",
    "sheets": [
      {
        "priority": 0,
        "skip": 1,
        "fields": [
          {
            "target": "zipCode",
            "source": {
              "index": "0"
            },
            "validations": {
              "mandatory": true
            }
          },
          {
            "target": "regionName",
            "source": {
              "index": "1"
            },
            "validations": {
              "mandatory": true
            }
          },
          {
            "target": "dmaName",
            "source": {
              "index": "2"
            },
            "validations": {
              "mandatory": false
            }
          },
          {
            "target": "dmaCode",
            "source": {
              "index": "3"
            }
          },
          {
            "type": "object",
            "target": "geolocation",
            "fields": [
              {
                "target": "latitude",
                "source": {
                  "index": 4
                },
                "validations": {
                  "mandatory": false
                }
              },
              {
                "target": "longitude",
                "source": {
                  "index": 5
                },
                "validations": {
                  "mandatory": false
                }
              }
            ]
          }
        ]
      }
    ]
  }