{
  "parserType": "csv",
  "separator": ",",
  "sheets": [
    {
      "priority": 0,
      "skip": 1,
      "fields": [
        {
          "target": "userId",
          "source": {
            "index": "0"
          },
          "validations": {
            "mandatory": true
          }
        },
        {
          "target": "userName",
          "source": {
            "index": "1"
          },
          "validations": {
            "mandatory": true
          }
        },
        {
          "target": "isTechnical",
          "source": {
            "index": 3,
            "defaultValue": "Y"
          },
          "validations": {
            "regex": "[YN]"
        }
        },
        {
          "target": "feedback",
          "source": {
            "index": "4"
          }
        }
      ]
    }
  ]
}