{
    "configurations": [
        {
            "id": "1",
            "feedPathPrefix": "brand/jp/ignite/upload/,brand/jp/_darkignite/upload/",
            "brands": [
                "brand"
            ],
            "owner": "brand",
            "country": "jp",
            "name": "User",
            "lifecycles": [
                {
                    "clazz": "com.ignite.model.user.User",
                    "query": "{}"
                }
            ],            
            "requiredFeeds": [
                {
                    "filePattern": "ignite_user_JP_details.csv",
                    "parserConfigurations": [
                        {
                            "type": "com.ignite.model.user.User",
                            "config": "ignite_user.json"
                        }
                    ]
                }
            ]
        }
       
        
        
    ]
}
