{
    "configurations": [
        {
            "id": "1",
            "feedPathPrefix": "brand/jp/ignite/upload/,brand/jp/_darkignite/upload/",
            "brands": [
                "brand"
            ],
            "owner": "brand",
            "country": "jp",
            "name": "JpCar",
            "lifecycles": [
                {
                    "clazz": "com.ignite.model.jpcar.JpCar" ,
                    "query": "{}"
                }
            ], 
            "requiredFeeds": [
                {
                    "filePattern": "ignite_[a-zA-Z]+_[a-zA-Z]{2}_.*\\.csv",           
                    "parserConfigurations": [
                        {
                            "type": "com.ignite.model.jpcar.JpCar" ,
                            "config": "ignite_jpcar.json"
                        }
                    ]
                }
            ]
               
        }
    ]
}
