{
    "configurations": [
        {
            "id": "1",
            "feedPathPrefix": "brand/ca/ignite/upload/,brand/ca/_darkignite/upload/",
            "brands": [
                "brand"
            ],
            "owner": "brand",
            "country": "ca",
            "name": "Automobile",
            "lifecycles": [
                {
                    "clazz": "com.ignite.model.automobile.Automobile",
                    "query": "{}"
                }
            ],
            "requiredFeeds": [
                {
                    "filePattern": "ignite_[a-zA-Z]+_[a-zA-Z]{2}_.*\\.txt",
                    "parserConfigurations": [
                        {
                            "type": "com.ignite.model.automobile.Automobile",
                            "config": "ignite_automobile.json"
                        }
                    ]
                }
            ]
        }
    ]
}