{
    "configurations": [
        {
            "id": "1",
            "feedPathPrefix": "brand/us/ignite/upload/,brand/us/_darkignite/upload/",
            "brands": [
                "brand"
            ],
            "owner": "brand",
            "country": "us",
            "name": "Books",
            "lifecycles": [
                {
                    "clazz": "com.ignite.model.books.Books",
                    "query": "{}"
                }
            ],
            "requiredFeeds": [
                {
                    "filePattern": "ignite_[a-zA-Z]+_[a-zA-Z]{2}_.*\\.xml",
                    "parserConfigurations": [
                        {
                            "type": "com.ignite.model.books.Books",
                            "config": "ignite_books.json"
                        }
                    ]
                }
            ]
       
        }
    ]
}
